Title,Price,ImageURL,ProductURL
Kalenji Run 100 Men's Running Shoes  - Grey,$14.90,https://contents.mediadecathlon.com/p2174716/sq/k$1e54ed7fc169abff9480eeca0569ab7b/kalenji-run-100-men-s-running-shoes-grey-decathlon-8351755.jpg?f=480x480&format=auto,https://www.decathlon.sg/p/kalenji-run-100-men-s-running-shoes-grey-decathlon-8351755.html
Men's waterproof mountain hiking shoes - MH500 Mid - Grey,$99.90,https://contents.mediadecathlon.com/p2578967/sq/k$f685dc82f21dc4360650fe504822636b/men-s-waterproof-mountain-hiking-shoes-mh500-mid-grey-quechua-8618769.jpg?f=480x480&format=auto,https://www.decathlon.sg/p/men-s-waterproof-mountain-hiking-shoes-mh500-mid-grey-quechua-8618769.html
TS160 Multi-Court Tennis Shoes - White,$39.90,https://contents.mediadecathlon.com/p1775486/sq/k$8c742467d0bb965672ed01ac3b4a1fa4/ts160-multi-court-tennis-shoes-white-artengo-8559598.jpg?f=480x480&format=auto,https://www.decathlon.sg/p/ts160-multi-court-tennis-shoes-white-artengo-8559598.html
Men's hiking shoes-NH50 LOW,$19.90,https://contents.mediadecathlon.com/p2617676/sq/k$f722635e10650439038d45f4aab7883d/men-s-hiking-shoes-nh50-low-quechua-8844095.jpg?f=480x480&format=auto,https://www.decathlon.sg/p/men-s-hiking-shoes-nh50-low-quechua-8844095.html
PUMA DEVIATE NITRO 3 MEN GLOWING RED BLACK,$189.00,https://contents.mediadecathlon.com/p2886228/sq/k$bf5c72c1baa74938e8eb7c21c482a241/puma-deviate-nitro-3-men-glowing-red-black-puma-8968100.jpg?f=480x480&format=auto,https://www.decathlon.sg/p/puma-deviate-nitro-3-men-glowing-red-black-puma-8968100.html
Men's Running Shoes Jogflow 190 Grip - Black,$44.90,https://contents.mediadecathlon.com/p2819328/sq/k$bb20af17b76c5c8042e1d5d98d9b67cb/men-s-running-shoes-jogflow-190-grip-black-kalenji-8883621.jpg?f=480x480&format=auto,https://www.decathlon.sg/p/men-s-running-shoes-jogflow-190-grip-black-kalenji-8883621.html
Kiprun Comp 900 Race Walking Shoes - Red/White,$79.90,https://contents.mediadecathlon.com/p2488414/sq/k$0d5a8375d1519a97266f921eb7c79b36/kiprun-comp-900-race-walking-shoes-red-white-kiprun-8610312.jpg?f=480x480&format=auto,https://www.decathlon.sg/p/kiprun-comp-900-race-walking-shoes-red-white-kiprun-8610312.html
Lightweight durable hunting boots Sporthunt 500 - beige,$74.90,https://contents.mediadecathlon.com/p2503357/sq/k$619040ee400415c8c8eeb33356011614/lightweight-durable-hunting-boots-sporthunt-500-beige-solognac-8645926.jpg?f=480x480&format=auto,https://www.decathlon.sg/p/lightweight-durable-hunting-boots-sporthunt-500-beige-solognac-8645926.html
Foreverrun Nitro 2 Black,$179.00,https://contents.mediadecathlon.com/p2886229/sq/k$05e7a921694ed7d600dc3106a678f6f0/foreverrun-nitro-2-black-puma-8968109.jpg?f=480x480&format=auto,https://www.decathlon.sg/p/foreverrun-nitro-2-black-puma-8968109.html
Men’s Hiking Boots - NH100 Mid,$29.90,https://contents.mediadecathlon.com/p2583208/sq/k$98aafedc771378d6f8762fdd7082ec27/men-s-hiking-boots-nh100-mid-quechua-8756701.jpg?f=480x480&format=auto,https://www.decathlon.sg/p/men-s-hiking-boots-nh100-mid-quechua-8756701.html
Men's Running Shoes Cushion 500 - Black,$59.90,https://contents.mediadecathlon.com/p2818969/sq/k$bcba2f6bc2c27b6c35555dd8eb501706/men-s-running-shoes-cushion-500-black-kiprun-8926930.jpg?f=480x480&format=auto,https://www.decathlon.sg/p/men-s-running-shoes-cushion-500-black-kiprun-8926930.html
Men's Trail Running Shoes MT Cushion 2  - Beige/Yellow,$139.90,https://contents.mediadecathlon.com/p2963217/sq/k$20de33d5808ade70455016a580a6a4ec/men-s-trail-running-shoes-mt-cushion-2-beige-yellow-kiprun-8914126.jpg?f=480x480&format=auto,https://www.decathlon.sg/p/men-s-trail-running-shoes-mt-cushion-2-beige-yellow-kiprun-8914126.html
Men's Multi-Court Tennis Shoes Gel Challenger 14 - Blue,$129.90,https://contents.mediadecathlon.com/p2610444/sq/k$72577d5ad0dee7ad468cc5bc5a1c6470/men-s-multi-court-tennis-shoes-gel-challenger-14-blue-asics-8867868.jpg?f=480x480&format=auto,https://www.decathlon.sg/p/men-s-multi-court-tennis-shoes-gel-challenger-14-blue-asics-8867868.html
MT3 TRAIL MEN - BLACK/WHITE,$119.90,https://contents.mediadecathlon.com/p2603240/sq/k$3b2af22d2310210db96157c18715fb43/mt3-trail-men-black-white-kiprun-8828396.jpg?f=480x480&format=auto,https://www.decathlon.sg/p/mt3-trail-men-black-white-kiprun-8828396.html
Men's Walking Sport Shoes  - White,$39.90,https://contents.mediadecathlon.com/p2169434/sq/k$be9aebefbc2b83269ada58e8898e437d/men-s-walking-sport-shoes-white-decathlon-8735235.jpg?f=480x480&format=auto,https://www.decathlon.sg/p/men-s-walking-sport-shoes-white-decathlon-8735235.html
Outdoor Terrex Anylander MEN Hiking Shoes,$99.00,https://contents.mediadecathlon.com/p2895172/sq/k$579dc2ea89c59ef44e88858fa96df74e/outdoor-terrex-anylander-men-hiking-shoes-adidas-8682635.jpg?f=480x480&format=auto,https://www.decathlon.sg/p/outdoor-terrex-anylander-men-hiking-shoes-adidas-8682635.html
Adidas grand court shoes - men,$85.00,https://contents.mediadecathlon.com/p2511912/sq/k$0a9e36607b103360684409b63f8056be/adidas-grand-court-shoes-men-adidas-8858726.jpg?f=480x480&format=auto,https://www.decathlon.sg/p/adidas-grand-court-shoes-men-adidas-8858726.html
Men's Nature Hiking Shoes NH150 - Dark Blue,$29.90,https://contents.mediadecathlon.com/p2583175/sq/k$9dfb9f2e2a6c4c0fdf5936ec9143c6a1/men-s-nature-hiking-shoes-nh150-dark-blue-quechua-8757257.jpg?f=480x480&format=auto,https://www.decathlon.sg/p/men-s-nature-hiking-shoes-nh150-dark-blue-quechua-8757257.html
Men Mountain Hiking Waterproof Mid Shoes Quechua MH100 - Khaki,$74.90,https://contents.mediadecathlon.com/p2611293/sq/k$e6dc2110c8266917314c4987438d0652/men-mountain-hiking-waterproof-mid-shoes-quechua-mh100-khaki-quechua-8553121.jpg?f=480x480&format=auto,https://www.decathlon.sg/p/men-mountain-hiking-waterproof-mid-shoes-quechua-mh100-khaki-quechua-8553121.html
Men's Waterproof Mountain Walking Shoes - MH100 Mid Brown,$74.90,https://contents.mediadecathlon.com/p2660180/sq/k$819dd92071ced4c8908387018785b0e9/men-s-waterproof-mountain-walking-shoes-mh100-mid-brown-quechua-8795991.jpg?f=480x480&format=auto,https://www.decathlon.sg/p/men-s-waterproof-mountain-walking-shoes-mh100-mid-brown-quechua-8795991.html
Men's Nature Hiking Leather Shoes NH500 - Brown,$59.90,https://contents.mediadecathlon.com/p2583060/sq/k$8f245f628483c62e0c196a58143fec1e/men-s-nature-hiking-leather-shoes-nh500-brown-quechua-8502453.jpg?f=480x480&format=auto,https://www.decathlon.sg/p/men-s-nature-hiking-leather-shoes-nh500-brown-quechua-8502453.html
Men’s Hiking Sandal Shoes NH900 Fresh,$59.90,https://contents.mediadecathlon.com/p2232990/sq/k$41d832b46f70bc4d0383d8ba92e9e2c0/men-s-hiking-sandal-shoes-nh900-fresh-quechua-8583431.jpg?f=480x480&format=auto,https://www.decathlon.sg/p/men-s-hiking-sandal-shoes-nh900-fresh-quechua-8583431.html
Fizik Vento Proxy Wide Fit MTB/Gravel Racing Shoe – White,$319.00,https://contents.mediadecathlon.com/m22340955/sq/k$2a6b527da75e1f1bd2246950f50a48c5/fizik-vento-proxy-wide-fit-mtb-gravel-racing-shoe-white-fizik-2742e54d-e038-4c7b-9ce7-42d867b7b16e.jpg?f=480x480&format=auto,https://www.decathlon.sg/p/fizik-vento-proxy-wide-fit-mtb-gravel-racing-shoe-white-fizik-2742e54d-e038-4c7b-9ce7-42d867b7b16e.html
"Men’s Low Waterproof Hiking Boot, NH100 - Dark Grey",$49.90,https://contents.mediadecathlon.com/p2838670/sq/k$896b0e7fa6321eff82d28ea46a40cdbd/men-s-low-waterproof-hiking-boot-nh100-dark-grey-quechua-8871780.jpg?f=480x480&format=auto,https://www.decathlon.sg/p/men-s-low-waterproof-hiking-boot-nh100-dark-grey-quechua-8871780.html
Lightweight and Flexible Boxing Shoes - Black,$49.90,https://contents.mediadecathlon.com/p2917227/sq/k$b0ff98e9e719c9e5e2d5ccad08cbb7a0/lightweight-and-flexible-boxing-shoes-black-outshock-8939469.jpg?f=480x480&format=auto,https://www.decathlon.sg/p/lightweight-and-flexible-boxing-shoes-black-outshock-8939469.html
Table Tennis Shoes TTS500 - White/Silver,$49.90,https://contents.mediadecathlon.com/p2107254/sq/k$0c570a98880c6ffe327886d83fc2fdb2/table-tennis-shoes-tts500-white-silver-pongori-8615140.jpg?f=480x480&format=auto,https://www.decathlon.sg/p/table-tennis-shoes-tts500-white-silver-pongori-8615140.html
Badminton Shoe VELO-200 OFF WHITE / ALPINE LEAF,$49.90,https://contents.mediadecathlon.com/m21817687/sq/k$87bf50ecf6d96c67ed3ae88389112f54/badminton-shoe-velo-200-off-white-alpine-leaf-yonex-d03db3d5-457d-4f05-a1c2-63269d7dc788.jpg?f=480x480&format=auto,https://www.decathlon.sg/p/badminton-shoe-velo-200-off-white-alpine-leaf-yonex-d03db3d5-457d-4f05-a1c2-63269d7dc788.html
MEN'S KEEN HIKING SHOES - NXIS EVO MID WP - TRIPLE BLACK,$259.00,https://contents.mediadecathlon.com/m21953037/sq/k$6b805d4c0fb27b7fcfdc2d9fa8ed7642/men-s-keen-hiking-shoes-nxis-evo-mid-wp-triple-black-keen-cd0ed777-5d2a-404b-947f-aefa1cf8f187.jpg?f=480x480&format=auto,https://www.decathlon.sg/p/men-s-keen-hiking-shoes-nxis-evo-mid-wp-triple-black-keen-cd0ed777-5d2a-404b-947f-aefa1cf8f187.html
MEN BADMINTON SHOES BS SENSATION 530 GREY,$39.90,https://contents.mediadecathlon.com/p2795069/sq/k$7c4aa9c1bdf380cc28d59ce9ea16357e/men-badminton-shoes-bs-sensation-530-grey-perfly-8919892.jpg?f=480x480&format=auto,https://www.decathlon.sg/p/men-badminton-shoes-bs-sensation-530-grey-perfly-8919892.html
MEN'S KEEN HIKING SHOES - TARGHEE IV MID WP - BISON/BLACK,$229.00,https://contents.mediadecathlon.com/m21953103/sq/k$c6130c0438bcc7c32c05d06bdf866fda/men-s-keen-hiking-shoes-targhee-iv-mid-wp-bison-black-keen-e73c01c4-592c-45ea-8953-234c2a1974c8.jpg?f=480x480&format=auto,https://www.decathlon.sg/p/men-s-keen-hiking-shoes-targhee-iv-mid-wp-bison-black-keen-e73c01c4-592c-45ea-8953-234c2a1974c8.html
Fizik Transiro Hydra Triathlon Cycling Shoe – White/Black,$224.00,https://contents.mediadecathlon.com/m15958348/sq/k$f92de433c8d6ac3e5a22b0d2deac3249/fizik-transiro-hydra-triathlon-cycling-shoe-white-black-fizik-7ca0c13f-9766-453f-ac95-e980e997ac0a.jpg?f=480x480&format=auto,https://www.decathlon.sg/p/fizik-transiro-hydra-triathlon-cycling-shoe-white-black-fizik-7ca0c13f-9766-453f-ac95-e980e997ac0a.html
Running Shoes Men's Adrenaline GTS 23 - 2E020 (WIDE),$219.00,https://contents.mediadecathlon.com/m15660933/sq/k$d383da470a17c048aca98dc5cfe33642/running-shoes-men-s-adrenaline-gts-23-2e020-wide-brooks-d7610689-a2ca-4d93-a20d-228e9c5cecac.jpg?f=480x480&format=auto,https://www.decathlon.sg/p/running-shoes-men-s-adrenaline-gts-23-2e020-wide-brooks-d7610689-a2ca-4d93-a20d-228e9c5cecac.html
MEN'S KEEN HIKING SHOES - CIRCADIA MID WP - BLACK/CURRY,$219.00,https://contents.mediadecathlon.com/m21953101/sq/k$c9c11dd067103c104821fe490869011e/men-s-keen-hiking-shoes-circadia-mid-wp-black-curry-keen-54b282c4-e04f-4c52-9d4a-7b90b5078045.jpg?f=480x480&format=auto,https://www.decathlon.sg/p/men-s-keen-hiking-shoes-circadia-mid-wp-black-curry-keen-54b282c4-e04f-4c52-9d4a-7b90b5078045.html
Men's Badminton Shoes BS Sensation 500 M - White,$34.90,https://contents.mediadecathlon.com/p2795059/sq/k$2ab1a9a759807d7906d0e2ea61105b15/men-s-badminton-shoes-bs-sensation-500-m-white-perfly-8867406.jpg?f=480x480&format=auto,https://www.decathlon.sg/p/men-s-badminton-shoes-bs-sensation-500-m-white-perfly-8867406.html
ASICS Men's Running Shoes Gel-Ziruss 8 - White,$140.00,https://contents.mediadecathlon.com/p2809060/sq/k$9122eaccba7b23ab07cfa755fcc55889/asics-men-s-running-shoes-gel-ziruss-8-white-asics-8926912.jpg?f=480x480&format=auto,https://www.decathlon.sg/p/asics-men-s-running-shoes-gel-ziruss-8-white-asics-8926912.html
Boxing Shoes Box Hog 4 (White),$159.90,https://contents.mediadecathlon.com/m18427217/sq/k$e41fe314bec08bcf778523e05d640a05/boxing-shoes-box-hog-4-white-adidas-f780cbdc-429a-4f4d-9304-a748762bec55.jpg?f=480x480&format=auto,https://www.decathlon.sg/p/boxing-shoes-box-hog-4-white-adidas-f780cbdc-429a-4f4d-9304-a748762bec55.html
Men's ASICS Running Shoes Gel-Stratus Knit 4 - Blue Turquoise White,$125.00,https://contents.mediadecathlon.com/p2798859/sq/k$34c152b105f0597088d7d66d6678ca1c/men-s-asics-running-shoes-gel-stratus-knit-4-blue-turquoise-white-asics-8926890.jpg?f=480x480&format=auto,https://www.decathlon.sg/p/men-s-asics-running-shoes-gel-stratus-knit-4-blue-turquoise-white-asics-8926890.html
Men's Carbon Plate Running Shoes KD900X.2 - Light Green Purple,$139.90,https://contents.mediadecathlon.com/p2735108/sq/k$cc0456dbd334119bd3c6d002aea146d0/men-s-carbon-plate-running-shoes-kd900x-2-light-green-purple-kiprun-8915926.jpg?f=480x480&format=auto,https://www.decathlon.sg/p/men-s-carbon-plate-running-shoes-kd900x-2-light-green-purple-kiprun-8915926.html
Skechers Men On-The-GO Max Cushioning Arch Fit Walking Sandals - 229144-BBK,$129.00,https://contents.mediadecathlon.com/m21057172/sq/k$184333e8454ce2c92f8fa81ad7a3a2bc/skechers-men-on-the-go-max-cushioning-arch-fit-walking-sandals-229144-bbk-skechers-e5163136-7b68-40a2-8750-54b823adcf11.jpg?f=480x480&format=auto,https://www.decathlon.sg/p/skechers-men-on-the-go-max-cushioning-arch-fit-walking-sandals-229144-bbk-skechers-e5163136-7b68-40a2-8750-54b823adcf11.html
Skechers Men Sport Arch Fit 2.0 Shoes - 232704-OLV,$129.00,https://contents.mediadecathlon.com/m16948434/sq/k$b519a2d101844a59818ecf5ec29bb5b3/skechers-men-sport-arch-fit-2-0-shoes-232704-olv-skechers-78bc963a-663f-4371-9d92-f0853855bc57.jpg?f=480x480&format=auto,https://www.decathlon.sg/p/skechers-men-sport-arch-fit-2-0-shoes-232704-olv-skechers-78bc963a-663f-4371-9d92-f0853855bc57.html
Men's Running Shoes KS900 2  - Orange,$119.90,https://contents.mediadecathlon.com/p2874177/sq/k$1eaba467dd847b0bc4f199c04304d0b7/men-s-running-shoes-ks900-2-orange-kiprun-8930708.jpg?f=480x480&format=auto,https://www.decathlon.sg/p/men-s-running-shoes-ks900-2-orange-kiprun-8930708.html
Evadict XT8 Men's Trail Running Shoes - Black Grey,$109.90,https://contents.mediadecathlon.com/p2299505/sq/k$e35c42eaec3d4b08184fec836613afdd/evadict-xt8-men-s-trail-running-shoes-black-grey-kiprun-8642811.jpg?f=480x480&format=auto,https://www.decathlon.sg/p/evadict-xt8-men-s-trail-running-shoes-black-grey-kiprun-8642811.html
Boxing Shoes Box Hog 2 (Black),$109.90,https://contents.mediadecathlon.com/m18426942/sq/k$bad475df6f1656444a370b36ada9a063/boxing-shoes-box-hog-2-black-adidas-eb937ec4-881a-45a4-9ea1-5b478eb6aec9.jpg?f=480x480&format=auto,https://www.decathlon.sg/p/boxing-shoes-box-hog-2-black-adidas-eb937ec4-881a-45a4-9ea1-5b478eb6aec9.html
Men's Shoes Gel Rocket 11 - White/Indigo Blue,$109.90,https://contents.mediadecathlon.com/p2493976/sq/k$b473c5ce3b10ea56019e69bc17b92c8f/men-s-shoes-gel-rocket-11-white-indigo-blue-asics-8833533.jpg?f=480x480&format=auto,https://www.decathlon.sg/p/men-s-shoes-gel-rocket-11-white-indigo-blue-asics-8833533.html
Men's Multicourt Padel Shoes Gel Dedicate 8 - Blue,$109.90,https://contents.mediadecathlon.com/p2879286/sq/k$96ffa3f1d899bdd6d3da3694a085d4b4/men-s-multicourt-padel-shoes-gel-dedicate-8-blue-asics-8967993.jpg?f=480x480&format=auto,https://www.decathlon.sg/p/men-s-multicourt-padel-shoes-gel-dedicate-8-blue-asics-8967993.html
Badminton Shoe Power Cushion 57 ROYAL BLUE,$142.90,https://contents.mediadecathlon.com/m13426867/sq/k$22485ce27af7b4862b7991310cda5bcd/badminton-shoe-power-cushion-57-royal-blue-yonex-17ffd08a-26df-4b22-8b88-4a5faf35606c.jpg?f=480x480&format=auto,https://www.decathlon.sg/p/badminton-shoe-power-cushion-57-royal-blue-yonex-17ffd08a-26df-4b22-8b88-4a5faf35606c.html
"Men’s Hiking Boots, MH500, Softer - Grey beige",$99.90,https://contents.mediadecathlon.com/p2861677/sq/k$27d37c5944b3c3078b220a51a07b447e/men-s-hiking-boots-mh500-softer-grey-beige-quechua-8929974.jpg?f=480x480&format=auto,https://www.decathlon.sg/p/men-s-hiking-boots-mh500-softer-grey-beige-quechua-8929974.html
Men’s Mountain Hiking Boots - MH500 LIGHT - Light Grey,$99.90,https://contents.mediadecathlon.com/p2861788/sq/k$b285c86f42ed526dce83ec786986f546/men-s-mountain-hiking-boots-mh500-light-light-grey-quechua-8917985.jpg?f=480x480&format=auto,https://www.decathlon.sg/p/men-s-mountain-hiking-boots-mh500-light-light-grey-quechua-8917985.html
MEN BADMINTON SHOES ATLAS-4 BALTIC BLUE / AQUA MARINE,$79.90,https://contents.mediadecathlon.com/m22301614/sq/k$a116754f6ca648d1c970589f1b0d4fcb/men-badminton-shoes-atlas-4-baltic-blue-aqua-marine-yonex-d73ce5f8-0eab-406d-92d6-1523ca6d1ff6.jpg?f=480x480&format=auto,https://www.decathlon.sg/p/men-badminton-shoes-atlas-4-baltic-blue-aqua-marine-yonex-d73ce5f8-0eab-406d-92d6-1523ca6d1ff6.html
Men Mountain Hiking Waterproof Shoes MH100 - Grey,$64.90,https://contents.mediadecathlon.com/p2579144/sq/k$a701f0eb4b0fe79da50bd413919d2286/men-mountain-hiking-waterproof-shoes-mh100-grey-quechua-8503796.jpg?f=480x480&format=auto,https://www.decathlon.sg/p/men-mountain-hiking-waterproof-shoes-mh100-grey-quechua-8503796.html
Men’s Hiking Shandal NH500 Fresh,$59.90,https://contents.mediadecathlon.com/p1814412/sq/k$1f922c11c1619806432bc0becd08eb8d/men-s-hiking-shandal-nh500-fresh-quechua-8588708.jpg?f=480x480&format=auto,https://www.decathlon.sg/p/men-s-hiking-shandal-nh500-fresh-quechua-8588708.html
Men's mountain hiking shoes - MH100 - Grey,$59.90,https://contents.mediadecathlon.com/p1804455/sq/k$aff9d14c919707cffa8fe6e39ca63254/men-s-mountain-hiking-shoes-mh100-grey-quechua-8555093.jpg?f=480x480&format=auto,https://www.decathlon.sg/p/men-s-mountain-hiking-shoes-mh100-grey-quechua-8555093.html
Men's Nature Hiking Shoes  - Grey,$59.90,https://contents.mediadecathlon.com/p2457662/sq/k$6e4048091e35fcbfc989d8fb598ac020/men-s-nature-hiking-shoes-grey-quechua-8755121.jpg?f=480x480&format=auto,https://www.decathlon.sg/p/men-s-nature-hiking-shoes-grey-quechua-8755121.html
BADMINTON SHOES HY ULTRA HONEY MUSTARD / NIGHT SHADOW,$69.90,https://contents.mediadecathlon.com/m21002749/sq/k$ab92740a0d5e28ec6ee08aa7acc32208/badminton-shoes-hy-ultra-honey-mustard-night-shadow-yonex-7607b35b-3730-4355-a10d-6716eef86058.jpg?f=480x480&format=auto,https://www.decathlon.sg/p/badminton-shoes-hy-ultra-honey-mustard-night-shadow-yonex-7607b35b-3730-4355-a10d-6716eef86058.html
Men Nature Hiking Breathable Shoes Escape 500 Fresh - Black,$54.90,https://contents.mediadecathlon.com/p2164495/sq/k$6df40368e2b7ac6d887b55812f132d71/men-nature-hiking-breathable-shoes-escape-500-fresh-black-quechua-8626277.jpg?f=480x480&format=auto,https://www.decathlon.sg/p/men-nature-hiking-breathable-shoes-escape-500-fresh-black-quechua-8626277.html
Men’s warm and waterproof hiking boots - SH100 Mid-height,$49.90,https://contents.mediadecathlon.com/p2579245/sq/k$3462fc3471841efd246b340c0f863fd5/men-s-warm-and-waterproof-hiking-boots-sh100-mid-height-quechua-8640887.jpg?f=480x480&format=auto,https://www.decathlon.sg/p/men-s-warm-and-waterproof-hiking-boots-sh100-mid-height-quechua-8640887.html
Men Basketball Shoe Tarmak Protect 120 High - Black,$49.90,https://contents.mediadecathlon.com/p2033217/sq/k$00f1d357be4fc87afe8270707d6ee34a/men-basketball-shoe-tarmak-protect-120-high-black-tarmak-8540398.jpg?f=480x480&format=auto,https://www.decathlon.sg/p/men-basketball-shoe-tarmak-protect-120-high-black-tarmak-8540398.html
MEN BADMINTON SHOES BS LITE 560 GREY FLUO,$49.90,https://contents.mediadecathlon.com/p2795079/sq/k$461f8bed2a7b71692f694e0cef8caea8/men-badminton-shoes-bs-lite-560-grey-fluo-perfly-8804475.jpg?f=480x480&format=auto,https://www.decathlon.sg/p/men-badminton-shoes-bs-lite-560-grey-fluo-perfly-8804475.html
Men Badminton Shoes Perfly BS530 - Black,$44.90,https://contents.mediadecathlon.com/p1929650/sq/k$23243730e63bd179d8b68592699cfe5b/men-badminton-shoes-perfly-bs530-black-kuikma-8579816.jpg?f=480x480&format=auto,https://www.decathlon.sg/p/men-badminton-shoes-perfly-bs530-black-kuikma-8579816.html
Men's Running Shoes Jogflow 190.1 - Black/Grey,$39.90,https://contents.mediadecathlon.com/p2636563/sq/k$630aadb09cb78af13a1efa373828275a/men-s-running-shoes-jogflow-190-1-black-grey-kiprun-8757334.jpg?f=480x480&format=auto,https://www.decathlon.sg/p/men-s-running-shoes-jogflow-190-1-black-grey-kiprun-8757334.html
Men’s warm and waterproof leather hiking boots - SH500 MID,$89.90,https://contents.mediadecathlon.com/p2520146/sq/k$3703cd0593d670c470dadbb8194720e1/men-s-warm-and-waterproof-leather-hiking-boots-sh500-mid-quechua-8861959.jpg?f=480x480&format=auto,https://www.decathlon.sg/p/men-s-warm-and-waterproof-leather-hiking-boots-sh500-mid-quechua-8861959.html
MEN'S RUNNING SHOES JOGFLOW 100.1 GREY ORANGE,$29.90,https://contents.mediadecathlon.com/p2819134/sq/k$352a339eb3fd9823ba0a6e6dffb7c505/men-s-running-shoes-jogflow-100-1-grey-orange-kalenji-8733470.jpg?f=480x480&format=auto,https://www.decathlon.sg/p/men-s-running-shoes-jogflow-100-1-grey-orange-kalenji-8733470.html
Men’s Warm and Waterproof Leather Hiking Boots - SH500 high,$129.90,https://contents.mediadecathlon.com/p2579386/sq/k$91fee079add3ab4c7469ccd777f5bdff/men-s-warm-and-waterproof-leather-hiking-boots-sh500-high-quechua-8641977.jpg?f=480x480&format=auto,https://www.decathlon.sg/p/men-s-warm-and-waterproof-leather-hiking-boots-sh500-high-quechua-8641977.html
PW 160 Slip-On Men's Fitness Walking Shoes - Blue,$24.90,https://contents.mediadecathlon.com/p2394150/sq/k$f9bc9698ed637cb5869cefb76e39b8bc/pw-160-slip-on-men-s-fitness-walking-shoes-blue-decathlon-8774143.jpg?f=480x480&format=auto,https://www.decathlon.sg/p/pw-160-slip-on-men-s-fitness-walking-shoes-blue-decathlon-8774143.html
Men’s Hiking Boots - NH500 Mid Leather WP,$99.90,https://contents.mediadecathlon.com/p2617747/sq/k$15133563a687ea9fb9334e541f801525/men-s-hiking-boots-nh500-mid-leather-wp-quechua-8668913.jpg?f=480x480&format=auto,https://www.decathlon.sg/p/men-s-hiking-boots-nh500-mid-leather-wp-quechua-8668913.html
Men's Padel Shoes PS 590 - White,$79.90,https://contents.mediadecathlon.com/p2439766/sq/k$6e393fd2e9158ffdf22f7ee2c77c60ea/men-s-padel-shoes-ps-590-white-kuikma-8772238.jpg?f=480x480&format=auto,https://www.decathlon.sg/p/men-s-padel-shoes-ps-590-white-kuikma-8772238.html
MEN BADMINTON SHOES BS SENSATION 190 BLACK,$34.90,https://contents.mediadecathlon.com/p2389075/sq/k$92a1aa1ef417053e4fde30f9495688c1/men-badminton-shoes-bs-sensation-190-black-perfly-8736859.jpg?f=480x480&format=auto,https://www.decathlon.sg/p/men-badminton-shoes-bs-sensation-190-black-perfly-8736859.html
Breathable High-Fitting Leather Hunting Boots Crosshunt 100 D brown,$26.90,https://contents.mediadecathlon.com/p2497625/sq/k$17ab8eb68fab8c4ae6923a24db8f0560/breathable-high-fitting-leather-hunting-boots-crosshunt-100-d-brown-solognac-8503783.jpg?f=480x480&format=auto,https://www.decathlon.sg/p/breathable-high-fitting-leather-hunting-boots-crosshunt-100-d-brown-solognac-8503783.html
Skate Shoes Vulca 500 V2 Low - Full White,$34.90,https://contents.mediadecathlon.com/p2116087/sq/k$aa1b9880538d074e2edf65fcec408a88/skate-shoes-vulca-500-v2-low-full-white-decathlon-8615236.jpg?f=480x480&format=auto,https://www.decathlon.sg/p/skate-shoes-vulca-500-v2-low-full-white-decathlon-8615236.html
Skate Shoes Vulca 500 Slip-On V2 Low - Full Black,$29.90,https://contents.mediadecathlon.com/p2116094/sq/k$cbbe286b46d46add99f1eddcda3b4788/skate-shoes-vulca-500-slip-on-v2-low-full-black-decathlon-8556141.jpg?f=480x480&format=auto,https://www.decathlon.sg/p/skate-shoes-vulca-500-slip-on-v2-low-full-black-decathlon-8556141.html
Men's Carbon Plate Running Shoes KD900X LD+ - Purple,$249.90,https://contents.mediadecathlon.com/p2820624/sq/k$1d7dec1a4b20b306ba17f230c2ee8947/men-s-carbon-plate-running-shoes-kd900x-ld-purple-kiprun-8902382.jpg?f=480x480&format=auto,https://www.decathlon.sg/p/men-s-carbon-plate-running-shoes-kd900x-ld-purple-kiprun-8902382.html
Men's Tennis Multicourt Shoes Strong Pro - Grey/Black,$99.90,https://contents.mediadecathlon.com/p2380665/sq/k$f709001b89191bfcca482b007990bac0/men-s-tennis-multicourt-shoes-strong-pro-grey-black-artengo-8573383.jpg?f=480x480&format=auto,https://www.decathlon.sg/p/men-s-tennis-multicourt-shoes-strong-pro-grey-black-artengo-8573383.html
Men's/Women's Basketball Shoes 900 NBA MID-3 - White/NBA Los Angeles Lakers,$99.90,https://contents.mediadecathlon.com/p2524408/sq/k$0e2fba8ff6361d4bea15c6d97d1e5844/men-s-women-s-basketball-shoes-900-nba-mid-3-white-nba-los-angeles-lakers-tarmak-8817135.jpg?f=480x480&format=auto,https://www.decathlon.sg/p/men-s-women-s-basketball-shoes-900-nba-mid-3-white-nba-los-angeles-lakers-tarmak-8817135.html
Men's Padel Shoes PS 990 Dynamic - Blue/Orange,$99.90,https://contents.mediadecathlon.com/p2462870/sq/k$3b956bde97ca5dcfa9e3cdd8fa5a8d08/men-s-padel-shoes-ps-990-dynamic-blue-orange-kuikma-8732718.jpg?f=480x480&format=auto,https://www.decathlon.sg/p/men-s-padel-shoes-ps-990-dynamic-blue-orange-kuikma-8732718.html
TENNIS SHOES POWER CUSHION FUSIONREV 4 CLAY NAVY/ICE BLUE,$219.90,https://contents.mediadecathlon.com/m15419179/sq/k$b0f496c4f010b145d2d36c957c6a0f7c/tennis-shoes-power-cushion-fusionrev-4-clay-navy-ice-blue-yonex-108da683-a02d-45a1-a28f-eacaee02d8f3.jpg?f=480x480&format=auto,https://www.decathlon.sg/p/tennis-shoes-power-cushion-fusionrev-4-clay-navy-ice-blue-yonex-108da683-a02d-45a1-a28f-eacaee02d8f3.html
Men's/Women's Basketball Shoes Fast 900 Low-1 - NBA Lakers/Black,$89.90,https://contents.mediadecathlon.com/p2726218/sq/k$924c58f909974fc090774d6294a35398/men-s-women-s-basketball-shoes-fast-900-low-1-nba-lakers-black-tarmak-8933362.jpg?f=480x480&format=auto,https://www.decathlon.sg/p/men-s-women-s-basketball-shoes-fast-900-low-1-nba-lakers-black-tarmak-8933362.html
DEVIATE NITRO 3 M YELLOW,$189.00,https://contents.mediadecathlon.com/p2798816/sq/k$a5327252a85901ab97e44fe07d736bb4/deviate-nitro-3-m-yellow-puma-8944243.jpg?f=480x480&format=auto,https://www.decathlon.sg/p/deviate-nitro-3-m-yellow-puma-8944243.html
Men's Running Shoes KS900 Light - Grey / Yellow,$69.90,https://contents.mediadecathlon.com/p2603107/sq/k$f55bc6183c8bc32aaa71a26886893feb/men-s-running-shoes-ks900-light-grey-yellow-kiprun-8830204.jpg?f=480x480&format=auto,https://www.decathlon.sg/p/men-s-running-shoes-ks900-light-grey-yellow-kiprun-8830204.html
Men's Running Shoes KD900 Light - Mint Green,$119.90,https://contents.mediadecathlon.com/p2601911/sq/k$72773980ed370229c69aa0beee5345d6/men-s-running-shoes-kd900-light-mint-green-kiprun-8841245.jpg?f=480x480&format=auto,https://www.decathlon.sg/p/men-s-running-shoes-kd900-light-mint-green-kiprun-8841245.html
Boxing Shoes Machomai 3 Special Edition,$209.90,https://contents.mediadecathlon.com/m20669561/sq/k$3f0b30d77ef8f57894a6c56e73a11a6a/boxing-shoes-machomai-3-special-edition-nike-4b3244a9-2a21-4025-9c24-32d7b0941e74.jpg?f=480x480&format=auto,https://www.decathlon.sg/p/boxing-shoes-machomai-3-special-edition-nike-4b3244a9-2a21-4025-9c24-32d7b0941e74.html
Kalenji Jogflow 500.1 Men's Running Shoes - Black,$29.90,https://contents.mediadecathlon.com/p2153177/sq/k$5fa582aca5fb6f774570157b20181d69/kalenji-jogflow-500-1-men-s-running-shoes-black-kalenji-8670196.jpg?f=480x480&format=auto,https://www.decathlon.sg/p/kalenji-jogflow-500-1-men-s-running-shoes-black-kalenji-8670196.html
Men's Running Shoes with Carbon Plate-Kiprun KD900X LD2-Orange,$169.90,https://contents.mediadecathlon.com/p2830324/sq/k$cdbd9c6495fc8e16f83d7065d3d624d1/men-s-running-shoes-with-carbon-plate-kiprun-kd900x-ld2-orange-kiprun-8926423.jpg?f=480x480&format=auto,https://www.decathlon.sg/p/men-s-running-shoes-with-carbon-plate-kiprun-kd900x-ld2-orange-kiprun-8926423.html
Light Cloud Men Running Shoes,$79.00,https://contents.mediadecathlon.com/m19447389/sq/k$424cc2933cb1f20dd5733c5d5ae5d4ac/light-cloud-men-running-shoes-anta-ea490646-a392-41c3-a6eb-eb215fa6fa43.jpg?f=480x480&format=auto,https://www.decathlon.sg/p/light-cloud-men-running-shoes-anta-ea490646-a392-41c3-a6eb-eb215fa6fa43.html
Kids' Lace-Up Tennis Shoes TS Strong - Clay White,$39.90,https://contents.mediadecathlon.com/p2790651/sq/k$51e867b3a3f9bd7e4d8238e9a3974cd4/kids-lace-up-tennis-shoes-ts-strong-clay-white-artengo-8805991.jpg?f=480x480&format=auto,https://www.decathlon.sg/p/kids-lace-up-tennis-shoes-ts-strong-clay-white-artengo-8805991.html
Boxing Shoes Machomai 3,$199.90,https://contents.mediadecathlon.com/m20669440/sq/k$376ef3fab18040d004a5de3e4e51c8a6/boxing-shoes-machomai-3-nike-3c2f6d0c-70bd-4ba3-9492-d7a1ae432f3a.jpg?f=480x480&format=auto,https://www.decathlon.sg/p/boxing-shoes-machomai-3-nike-3c2f6d0c-70bd-4ba3-9492-d7a1ae432f3a.html
Running Shoes Men's Ghost 16 (2E Width) - Black/Forged Iron/Blue,$198.00,https://contents.mediadecathlon.com/m17273377/sq/k$d0e5c0baedaeaabff05c5e9fb66b8a7d/running-shoes-men-s-ghost-16-2e-width-black-forged-iron-blue-brooks-4ddf27cb-c156-4789-8f21-5f3a5ffce986.jpg?f=480x480&format=auto,https://www.decathlon.sg/p/running-shoes-men-s-ghost-16-2e-width-black-forged-iron-blue-brooks-4ddf27cb-c156-4789-8f21-5f3a5ffce986.html
Yonex Badminton Shoe Power Cushion 88 Dial Wide BLACK/ICE BLUE,$211.90,https://contents.mediadecathlon.com/m15660772/sq/k$9966b6770230c9c89608739be8b1f33e/yonex-badminton-shoe-power-cushion-88-dial-wide-black-ice-blue-yonex-ee513c0f-fa1a-441b-b57a-e45511bb62d6.jpg?f=480x480&format=auto,https://www.decathlon.sg/p/yonex-badminton-shoe-power-cushion-88-dial-wide-black-ice-blue-yonex-ee513c0f-fa1a-441b-b57a-e45511bb62d6.html
SUPERNOVA STRIDE M Running Shoes Blue,$89.00,https://contents.mediadecathlon.com/p2728483/sq/k$d1c736520dffa8a8b9ed825b7881c8f6/supernova-stride-m-running-shoes-blue-adidas-8935196.jpg?f=480x480&format=auto,https://www.decathlon.sg/p/supernova-stride-m-running-shoes-blue-adidas-8935196.html
MEN's LEATHER HIGH TREKKING SHOES MT100,$139.90,https://contents.mediadecathlon.com/p2793204/sq/k$8ee6fe80e57a70102db130131c728b90/men-s-leather-high-trekking-shoes-mt100-simond-8801288.jpg?f=480x480&format=auto,https://www.decathlon.sg/p/men-s-leather-high-trekking-shoes-mt100-simond-8801288.html
Men's/Women's Basketball Shoes SE 500 High - White,$69.90,https://contents.mediadecathlon.com/p2591910/sq/k$5118b1cb69b47e073e30bd592afc6170/men-s-women-s-basketball-shoes-se-500-high-white-tarmak-8817532.jpg?f=480x480&format=auto,https://www.decathlon.sg/p/men-s-women-s-basketball-shoes-se-500-high-white-tarmak-8817532.html
Ultra Power Non-Marking Unisex Badminton Shoes (Red/White),$61.10,https://contents.mediadecathlon.com/m15870521/sq/k$2987b7a95d567db34ad8185dba31d1c5/ultra-power-non-marking-unisex-badminton-shoes-red-white-li-ning-eb28f48b-ba21-4a2b-b2f1-7957b7123b3b.jpg?f=480x480&format=auto,https://www.decathlon.sg/p/ultra-power-non-marking-unisex-badminton-shoes-red-white-li-ning-eb28f48b-ba21-4a2b-b2f1-7957b7123b3b.html
Men's Hiking shoes - ARPENAZ 500 REVIVAL,$64.90,https://contents.mediadecathlon.com/p2583234/sq/k$c965af126c3c24c1b149ffe419c8474c/men-s-hiking-shoes-arpenaz-500-revival-quechua-8767618.jpg?f=480x480&format=auto,https://www.decathlon.sg/p/men-s-hiking-shoes-arpenaz-500-revival-quechua-8767618.html
Tennis Multi-Court Shoes TS500 - Navy,$59.90,https://contents.mediadecathlon.com/p1615831/sq/k$38fc8a585aad7a3051dc36403a033fe6/tennis-multi-court-shoes-ts500-navy-artengo-8502340.jpg?f=480x480&format=auto,https://www.decathlon.sg/p/tennis-multi-court-shoes-ts500-navy-artengo-8502340.html
MEN'S BADMINTON SHOES BS PERFORM 990 PRO NAVY,$110.00,https://contents.mediadecathlon.com/p2505016/sq/k$003a937d7868449086125649d88fff54/men-s-badminton-shoes-bs-perform-990-pro-navy-perfly-8736641.jpg?f=480x480&format=auto,https://www.decathlon.sg/p/men-s-badminton-shoes-bs-perform-990-pro-navy-perfly-8736641.html
DURAMO SL2 BLUE,$79.00,https://contents.mediadecathlon.com/p2886829/sq/k$6847b707532b622b83b3096b2bfa0391/duramo-sl2-blue-adidas-8966875.jpg?f=480x480&format=auto,https://www.decathlon.sg/p/duramo-sl2-blue-adidas-8966875.html
BADMINTON SHOES POWER CUSHION STRIDER BEAT NATURAL,$99.90,https://contents.mediadecathlon.com/m22270776/sq/k$3fc31eccbf889d9466918861df028fd2/badminton-shoes-power-cushion-strider-beat-natural-yonex-bb629965-8ced-4c9e-bff2-6caeb2595fdd.jpg?f=480x480&format=auto,https://www.decathlon.sg/p/badminton-shoes-power-cushion-strider-beat-natural-yonex-bb629965-8ced-4c9e-bff2-6caeb2595fdd.html
Running Shoes Men's Beast GTS 23 (2E Width) - Black/Gunmetal,$229.00,https://contents.mediadecathlon.com/m17283596/sq/k$845eb72c9c1cd01fa2c6d7ca62261734/running-shoes-men-s-beast-gts-23-2e-width-black-gunmetal-brooks-aecbe06f-4ec1-437a-87fb-ef766a1fa684.jpg?f=480x480&format=auto,https://www.decathlon.sg/p/running-shoes-men-s-beast-gts-23-2e-width-black-gunmetal-brooks-aecbe06f-4ec1-437a-87fb-ef766a1fa684.html
Running Shoes Men's Adrenaline GTS 23 - 1D438,$219.00,https://contents.mediadecathlon.com/m14711144/sq/k$10e6c797e0e83eac07b8a70cf8d83181/running-shoes-men-s-adrenaline-gts-23-1d438-brooks-648975a3-bcd7-4537-94d7-90349f6aa130.jpg?f=480x480&format=auto,https://www.decathlon.sg/p/running-shoes-men-s-adrenaline-gts-23-1d438-brooks-648975a3-bcd7-4537-94d7-90349f6aa130.html
Men's Adidas Sport Shoes Run 70s 2.0 - Black,$85.00,https://contents.mediadecathlon.com/p2886172/sq/k$1901a2fbaeb9d34948df59ae4fafd8c0/men-s-adidas-sport-shoes-run-70s-2-0-black-adidas-8967084.jpg?f=480x480&format=auto,https://www.decathlon.sg/p/men-s-adidas-sport-shoes-run-70s-2-0-black-adidas-8967084.html
Women's Carbon Plate Running Shoes KD900X.2 - Light Green Purple,$139.90,https://contents.mediadecathlon.com/p2735108/sq/k$cc0456dbd334119bd3c6d002aea146d0/women-s-carbon-plate-running-shoes-kd900x-2-light-green-purple-kiprun-8915932.jpg?f=480x480&format=auto,https://www.decathlon.sg/p/women-s-carbon-plate-running-shoes-kd900x-2-light-green-purple-kiprun-8915932.html
Fizik Gravita Versor Enduro/ Downhill MTB Shoes - Black/Purple,$165.00,https://contents.mediadecathlon.com/m17976299/sq/k$ecff1216cb0ec207d7a484c1b14e4d69/fizik-gravita-versor-enduro-downhill-mtb-shoes-black-purple-fizik-fae25934-db91-4635-8cc5-36e12bf7721e.jpg?f=480x480&format=auto,https://www.decathlon.sg/p/fizik-gravita-versor-enduro-downhill-mtb-shoes-black-purple-fizik-fae25934-db91-4635-8cc5-36e12bf7721e.html
Basketball Shock Wave 5 Shoes Men (White),$199.00,https://contents.mediadecathlon.com/m17817422/sq/k$79ea9c3e416ec4158e35c01b75ed6739/basketball-shock-wave-5-shoes-men-white-anta-87446f78-3211-423c-bab2-7fda5810f685.jpg?f=480x480&format=auto,https://www.decathlon.sg/p/basketball-shock-wave-5-shoes-men-white-anta-87446f78-3211-423c-bab2-7fda5810f685.html
Skechers Men SKECHERS USA Arch Fit Ogden Shoes - 204741-BBK,$139.00,https://contents.mediadecathlon.com/m15472991/sq/k$5bcfc5e804d310970b2f6f5313beba8a/skechers-men-skechers-usa-arch-fit-ogden-shoes-204741-bbk-skechers-22da83db-dc2e-43cf-bdc2-61bedb3de9c9.jpg?f=480x480&format=auto,https://www.decathlon.sg/p/skechers-men-skechers-usa-arch-fit-ogden-shoes-204741-bbk-skechers-22da83db-dc2e-43cf-bdc2-61bedb3de9c9.html
Running G21 3 PRO Shoes Men (White),$169.00,https://contents.mediadecathlon.com/m17787412/sq/k$70489c168950b6e2ccf89b5524df1ccf/running-g21-3-pro-shoes-men-white-anta-fba18fe3-6351-40dd-bfdb-05ea0e50d6c5.jpg?f=480x480&format=auto,https://www.decathlon.sg/p/running-g21-3-pro-shoes-men-white-anta-fba18fe3-6351-40dd-bfdb-05ea0e50d6c5.html
Skechers Men GOrun Trail Altitude 2.0 Shoes - 220754-OLBK,$129.00,https://contents.mediadecathlon.com/m16948443/sq/k$bd98567b66d0e8c55c4e63e75308f677/skechers-men-gorun-trail-altitude-2-0-shoes-220754-olbk-skechers-f321cdb1-114b-460b-94df-31a05cad7f64.jpg?f=480x480&format=auto,https://www.decathlon.sg/p/skechers-men-gorun-trail-altitude-2-0-shoes-220754-olbk-skechers-f321cdb1-114b-460b-94df-31a05cad7f64.html
Volleyball Shoe Cyclone Speed 5 (White/Tradewinds) (25SS),$89.00,https://contents.mediadecathlon.com/m20030800/sq/k$f0e96985d0ee0c4d192f2b062a8a3bdd/volleyball-shoe-cyclone-speed-5-white-tradewinds-25ss-mizuno-aa144d26-4087-4628-99b2-2742fb9887b2.jpg?f=480x480&format=auto,https://www.decathlon.sg/p/volleyball-shoe-cyclone-speed-5-white-tradewinds-25ss-mizuno-aa144d26-4087-4628-99b2-2742fb9887b2.html
Men's Adidas Sport Shoes Grand Court 2.0 - Black,$85.00,https://contents.mediadecathlon.com/p2886127/sq/k$0338907927adc04ded1c6fad0a7f8b71/men-s-adidas-sport-shoes-grand-court-2-0-black-adidas-8967006.jpg?f=480x480&format=auto,https://www.decathlon.sg/p/men-s-adidas-sport-shoes-grand-court-2-0-black-adidas-8967006.html
ANTA PG7 Travel 1.5 Series Soft and Cushioning Men Running Shoes - 1125A5508,$99.00,https://contents.mediadecathlon.com/m20304534/sq/k$1a00f836b14986c241608914e069ddf3/anta-pg7-travel-1-5-series-soft-and-cushioning-men-running-shoes-1125a5508-anta-cbbc3da4-fc03-4bfe-a701-e79debf89da9.jpg?f=480x480&format=auto,https://www.decathlon.sg/p/anta-pg7-travel-1-5-series-soft-and-cushioning-men-running-shoes-1125a5508-anta-cbbc3da4-fc03-4bfe-a701-e79debf89da9.html
MEN'S KIPRUN KS500 2 RUNNING SHOES - BLACK/YELLOW,$79.90,https://contents.mediadecathlon.com/p2602496/sq/k$c48993d048591db8c9c9ea6b8d3d94a9/men-s-kiprun-ks500-2-running-shoes-black-yellow-kiprun-8772865.jpg?f=480x480&format=auto,https://www.decathlon.sg/p/men-s-kiprun-ks500-2-running-shoes-black-yellow-kiprun-8772865.html
Fizik Vento Stabilita Carbon Road Cycling Shoes - Black/Fluo Yellow,$429.00,https://contents.mediadecathlon.com/m18831200/sq/k$1df629e4d921f319db21a8278b01f723/fizik-vento-stabilita-carbon-road-cycling-shoes-black-fluo-yellow-fizik-f60ba2ad-a8e9-4354-9a0d-c81eee6b08f4.jpg?f=480x480&format=auto,https://www.decathlon.sg/p/fizik-vento-stabilita-carbon-road-cycling-shoes-black-fluo-yellow-fizik-f60ba2ad-a8e9-4354-9a0d-c81eee6b08f4.html
Men's Adidas Sport Shoes Advantage 2.0 - Black,$75.00,https://contents.mediadecathlon.com/p2886158/sq/k$406dccf840bbc7241db41c7aa40d601f/men-s-adidas-sport-shoes-advantage-2-0-black-adidas-8967020.jpg?f=480x480&format=auto,https://www.decathlon.sg/p/men-s-adidas-sport-shoes-advantage-2-0-black-adidas-8967020.html
Boxing Shoes HyperKO 2,$331.90,https://contents.mediadecathlon.com/m15679659/sq/k$99bc1ce367614ba42a48288ce2946b53/boxing-shoes-hyperko-2-nike-5a2e632f-1ce5-4266-83fb-cc7282c68a8c.jpg?f=480x480&format=auto,https://www.decathlon.sg/p/boxing-shoes-hyperko-2-nike-5a2e632f-1ce5-4266-83fb-cc7282c68a8c.html
ANTA PG7 JOURNEY Soft and Cushioning Men Running Shoes - 1124E5519,$99.00,https://contents.mediadecathlon.com/m20304550/sq/k$ab5a5cffa1d830996f3978acaa619ed0/anta-pg7-journey-soft-and-cushioning-men-running-shoes-1124e5519-anta-9957d117-a2c2-4d30-91dd-8ca6ed88d3bb.jpg?f=480x480&format=auto,https://www.decathlon.sg/p/anta-pg7-journey-soft-and-cushioning-men-running-shoes-1124e5519-anta-9957d117-a2c2-4d30-91dd-8ca6ed88d3bb.html
Fizik Vento Infinito Knit Carbon 2 Road Cycling Shoes - Coral/Black,$299.00,https://contents.mediadecathlon.com/m17976300/sq/k$4909506931c8e38cd9b799240e71749a/fizik-vento-infinito-knit-carbon-2-road-cycling-shoes-coral-black-fizik-ae36e119-e470-47ca-8dbc-1039041b84b6.jpg?f=480x480&format=auto,https://www.decathlon.sg/p/fizik-vento-infinito-knit-carbon-2-road-cycling-shoes-coral-black-fizik-ae36e119-e470-47ca-8dbc-1039041b84b6.html
Fizik Vento Omna Road Cycling Shoes - White/ Black,$259.00,https://contents.mediadecathlon.com/m17959765/sq/k$20badf453f11caa487e6e2d53aca4ed2/fizik-vento-omna-road-cycling-shoes-white-black-fizik-2855a0f0-d948-4e4e-8477-9319d8bf6e5f.jpg?f=480x480&format=auto,https://www.decathlon.sg/p/fizik-vento-omna-road-cycling-shoes-white-black-fizik-2855a0f0-d948-4e4e-8477-9319d8bf6e5f.html
Tennis Shoe Power Cushion FUSIONREV 5 WHITE,$219.90,https://contents.mediadecathlon.com/m15666896/sq/k$9309c8f9a3dd45a793d37e2d1777416c/tennis-shoe-power-cushion-fusionrev-5-white-yonex-8d0fb7a6-2fe6-4dd3-8d6b-2fd129fed559.jpg?f=480x480&format=auto,https://www.decathlon.sg/p/tennis-shoe-power-cushion-fusionrev-5-white-yonex-8d0fb7a6-2fe6-4dd3-8d6b-2fd129fed559.html
Basketball SHOCK WAVE 5 PRO Shoes Men (Blue),$269.00,https://contents.mediadecathlon.com/m17745212/sq/k$c958a9996e78dcd64d919f462e04cfda/basketball-shock-wave-5-pro-shoes-men-blue-anta-59846818-0679-494d-a61e-85dcbdeed17c.jpg?f=480x480&format=auto,https://www.decathlon.sg/p/basketball-shock-wave-5-pro-shoes-men-blue-anta-59846818-0679-494d-a61e-85dcbdeed17c.html
Velocity Nitro 3 Glowing Red,$169.00,https://contents.mediadecathlon.com/p2886231/sq/k$f392159d5429d76a85715433f71e6dc7/velocity-nitro-3-glowing-red-puma-8968377.jpg?f=480x480&format=auto,https://www.decathlon.sg/p/velocity-nitro-3-glowing-red-puma-8968377.html
Boxing Shoes Machomai 2,$190.90,https://contents.mediadecathlon.com/m11687819/sq/k$9deeed21f3c1d68f604315cafa244489/boxing-shoes-machomai-2-nike-fbe4b3b7-9ede-45ad-8c9a-35e6b905ea8d.jpg?f=480x480&format=auto,https://www.decathlon.sg/p/boxing-shoes-machomai-2-nike-fbe4b3b7-9ede-45ad-8c9a-35e6b905ea8d.html
RUNNING SHOES CARBON CRUISE AERUS   SHRA2MEX MANGO,$209.90,https://contents.mediadecathlon.com/m15105381/sq/k$8cd44023f0473de34a3b2c40dd0f4a2b/running-shoes-carbon-cruise-aerus-shra2mex-mango-yonex-d936a1e6-96ad-4ac9-910e-462630d8093f.jpg?f=480x480&format=auto,https://www.decathlon.sg/p/running-shoes-carbon-cruise-aerus-shra2mex-mango-yonex-d936a1e6-96ad-4ac9-910e-462630d8093f.html
Skechers Men Slip-ins Max Cushioning Premier 2.0 Shoes - 220526-WBK,$169.00,https://contents.mediadecathlon.com/m16947172/sq/k$85631075c3b5d1e18a8f346475eb6c4d/skechers-men-slip-ins-max-cushioning-premier-2-0-shoes-220526-wbk-skechers-fb361023-aa23-4807-b247-a4951d01b4ab.jpg?f=480x480&format=auto,https://www.decathlon.sg/p/skechers-men-slip-ins-max-cushioning-premier-2-0-shoes-220526-wbk-skechers-fb361023-aa23-4807-b247-a4951d01b4ab.html
Skechers Men Slip-ins Max Cushioning Premier 2.0 Shoes - 220839-WBK,$169.00,https://contents.mediadecathlon.com/m16947060/sq/k$66720e32d94e88986ba44bdaf3e6f3ec/skechers-men-slip-ins-max-cushioning-premier-2-0-shoes-220839-wbk-skechers-f8b9e957-9c35-4b45-beb3-36b027726d2b.jpg?f=480x480&format=auto,https://www.decathlon.sg/p/skechers-men-slip-ins-max-cushioning-premier-2-0-shoes-220839-wbk-skechers-f8b9e957-9c35-4b45-beb3-36b027726d2b.html
Badminton Shoe Wave Claw EL 2 (White/Violet Indigo/Camelia Rose) (25SS),$119.00,https://contents.mediadecathlon.com/m20350280/sq/k$d3720381b898b888e697a3750e6fb811/badminton-shoe-wave-claw-el-2-white-violet-indigo-camelia-rose-25ss-mizuno-ae334ee6-28b5-4fa5-9b9d-4c7b05c30c05.jpg?f=480x480&format=auto,https://www.decathlon.sg/p/badminton-shoe-wave-claw-el-2-white-violet-indigo-camelia-rose-25ss-mizuno-ae334ee6-28b5-4fa5-9b9d-4c7b05c30c05.html
